{"lr": 0.01, "data_time": 0.11560941219329834, "loss": 0.41290145486593244, "loss_rpn_cls": 0.07700685879215598, "loss_rpn_bbox": 0.011067702183499933, "loss_cls": 0.2327808116748929, "acc": 97.8515625, "loss_bbox": 0.0920460822316818, "time": 12.732185425758361, "epoch": 1, "step": 50}
{"pascal_voc/mAP": 0.4986281394958496, "pascal_voc/AP50": 0.499, "data_time": 0.14878999103199353, "time": 2.2624903375452217, "step": 1}
