{"pascal_voc/mAP": 0.4986281394958496, "pascal_voc/AP50": 0.499, "data_time": 0.14090671322562479, "time": 2.243068803440441}