{"pascal_voc/mAP": 0.0, "pascal_voc/AP50": 0.0, "data_time": 0.1405248208479448, "time": 1.300498832355846}