{"pascal_voc/mAP": 0.005606347694993019, "pascal_voc/AP50": 0.006, "data_time": 0.1421044414693659, "time": 2.1959564035589043}