{"lr": 0.01, "data_time": 0.11331245422363281, "loss": 0.3813990885019302, "loss_rpn_cls": 0.08523920480161905, "loss_rpn_bbox": 0.008642781456001104, "loss_cls": 0.2051426563039422, "acc": 96.6796875, "loss_bbox": 0.0823744480026653, "time": 12.879279837608337, "epoch": 1, "step": 50}
{"pascal_voc/mAP": 0.005606347694993019, "pascal_voc/AP50": 0.006, "data_time": 0.16370352831753818, "time": 2.3235615491867065, "step": 1}
