{"lr": 0.01, "data_time": 0.12652406215667725, "loss": 0.6254253539443017, "loss_rpn_cls": 0.13610234424471856, "loss_rpn_bbox": 0.022166803549043834, "loss_cls": 0.3490964683517814, "acc": 97.75390625, "loss_bbox": 0.11805974454924581, "time": 14.41816113948822, "epoch": 1, "step": 50}
{"lr": 0.01, "data_time": 0.002745547294616699, "loss": 0.47510035663843153, "loss_rpn_cls": 0.07208498440682888, "loss_rpn_bbox": 0.021375920076388867, "loss_cls": 0.237482508122921, "acc": 94.62890625, "loss_bbox": 0.14415694650262595, "time": 12.40096321105957, "epoch": 1, "step": 100}
