{"lr": 0.01, "data_time": 0.10808548450469971, "loss": 0.6492220824956894, "loss_rpn_cls": 0.14369211867451667, "loss_rpn_bbox": 0.01980809560511261, "loss_cls": 0.3579532865062356, "acc": 95.21484375, "loss_bbox": 0.12776858492579776, "time": 11.968259506225586, "epoch": 1, "step": 50}
{"lr": 0.01, "data_time": 0.0025684165954589842, "loss": 0.43087783694267273, "loss_rpn_cls": 0.056233794018626215, "loss_rpn_bbox": 0.01531338233500719, "loss_cls": 0.22078211724758148, "acc": 97.36328125, "loss_bbox": 0.138548541367054, "time": 10.661658673286437, "epoch": 1, "step": 100}
{"lr": 0.01, "data_time": 0.002321162223815918, "loss": 0.4351661202311516, "loss_rpn_cls": 0.04934227824211121, "loss_rpn_bbox": 0.01633432036265731, "loss_cls": 0.23041447311639784, "acc": 98.2421875, "loss_bbox": 0.13907504692673683, "time": 10.129661703109742, "epoch": 1, "step": 150}
{"lr": 0.01, "data_time": 0.002238469123840332, "loss": 0.47732294142246245, "loss_rpn_cls": 0.05283331703394652, "loss_rpn_bbox": 0.01692681696731597, "loss_cls": 0.24231861025094986, "acc": 94.921875, "loss_bbox": 0.16524420209228993, "time": 9.744087991714478, "epoch": 1, "step": 200}
{"pascal_voc/mAP": 0.0019147507846355438, "pascal_voc/AP50": 0.002, "data_time": 0.042291835443863016, "time": 2.2060860119118595, "step": 1}
