{"lr": 0.01, "data_time": 0.12388042449951171, "loss": 0.6743781745433808, "loss_rpn_cls": 0.1595516946911812, "loss_rpn_bbox": 0.019861126020550728, "loss_cls": 0.35275028824806215, "acc": 95.80078125, "loss_bbox": 0.14221506802656222, "time": 10.948445034027099, "epoch": 1, "step": 50}
