{"lr": 0.01, "data_time": 0.1455955410003662, "loss": 0.665659193098545, "loss_rpn_cls": 0.1426363807171583, "loss_rpn_bbox": 0.02434960350394249, "loss_cls": 0.3736002955585718, "acc": 98.828125, "loss_bbox": 0.12507291113957764, "time": 13.491254787445069, "epoch": 1, "step": 50}
{"lr": 0.01, "data_time": 0.0023807621002197264, "loss": 0.5194319191575051, "loss_rpn_cls": 0.05624213553965092, "loss_rpn_bbox": 0.01798608145210892, "loss_cls": 0.278442602455616, "acc": 88.4765625, "loss_bbox": 0.16676110178232192, "time": 11.479543948173523, "epoch": 1, "step": 100}
{"lr": 0.01, "data_time": 0.002553572654724121, "loss": 0.5819197100400925, "loss_rpn_cls": 0.06779121994972229, "loss_rpn_bbox": 0.022541996771469713, "loss_cls": 0.3054260146617889, "acc": 96.97265625, "loss_bbox": 0.186160481646657, "time": 10.839191184043884, "epoch": 1, "step": 150}
